epoch,time,train/box_loss,train/cls_loss,train/dfl_loss,metrics/precision(B),metrics/recall(B),metrics/mAP50(B),metrics/mAP50-95(B),val/box_loss,val/cls_loss,val/dfl_loss,lr/pg0,lr/pg1,lr/pg2
1,21.3009,2.4522,44.9548,0.0046,0,0,0,0,1.39136,43.9883,0.00512,6e-05,6e-05,6e-05
2,26.5889,2.31498,38.8002,0.00455,0,0,0,0,1.16265,42.3191,0.00451,0.000138614,0.000138614,0.000138614
3,32.2036,2.37603,38.5673,0.00483,0,0,0,0,1.33792,33.0496,0.00508,0.000215644,0.000215644,0.000215644
4,41.8464,1.83446,31.7106,0.00347,0.01156,0.33333,0.06762,0.00997,1.52996,10.9939,0.00597,0.00029109,0.00029109,0.00029109
5,54.5507,1.64312,26.7789,0.00303,0.00111,0.33333,0.00189,0.00079,1.34784,9.36617,0.00533,0.000364952,0.000364952,0.000364952
6,61.0408,1.81016,23.1475,0.00394,0,0,0,0,1.40941,8.541,0.00518,0.00043723,0.00043723,0.00043723
7,67.3417,1.9562,20.9605,0.0046,0.00148,0.44444,0.00531,0.002,1.61865,6.90177,0.00642,0.000507924,0.000507924,0.000507924
8,73.4952,1.83773,13.0859,0.0037,0.00259,0.77778,0.00292,0.00102,1.50362,7.39604,0.00601,0.000577034,0.000577034,0.000577034
9,79.5583,1.88103,13.2946,0.00434,0.00259,0.77778,0.00944,0.00478,1.5687,8.82278,0.00625,0.00064456,0.00064456,0.00064456
10,85.9107,1.90795,10.5323,0.00383,0.05278,0.55556,0.09804,0.03417,1.49461,7.43505,0.00631,0.000710502,0.000710502,0.000710502
11,100.762,1.88406,9.33029,0.00377,0.42208,0.40866,0.38865,0.19266,1.68794,5.65021,0.00717,0.00077486,0.00077486,0.00077486
12,108.024,1.80203,7.19683,0.00362,0.00222,0.66667,0.00432,0.00155,1.96195,6.20399,0.008,0.000837634,0.000837634,0.000837634
13,114.268,1.80672,5.69672,0.00381,0.02389,0.33333,0.02246,0.00676,2.20327,10.0456,0.01037,0.000898824,0.000898824,0.000898824
14,120.91,1.6361,5.47693,0.00309,0,0,0,0,2.07724,29.664,0.0105,0.00095843,0.00095843,0.00095843
15,127.102,1.73943,5.50378,0.00349,0.00289,0.22222,0.00262,0.00092,1.97788,9.67135,0.0087,0.00101645,0.00101645,0.00101645
16,133.8,1.56532,3.40853,0.00325,0.00289,0.22222,0.00262,0.00092,1.97788,9.67135,0.0087,0.00107289,0.00107289,0.00107289
17,140.129,1.72369,3.53837,0.00316,0.94007,0.22222,0.4025,0.12556,1.95854,3.99346,0.0082,0.00112774,0.00112774,0.00112774
18,146.743,1.85073,3.34944,0.00393,0.89408,0.22222,0.3102,0.0964,1.53937,3.93092,0.00622,0.00118101,0.00118101,0.00118101
19,152.958,1.93713,3.01657,0.00388,0.89408,0.22222,0.3102,0.0964,1.53937,3.93092,0.00622,0.0012327,0.0012327,0.0012327
20,159.389,1.82449,2.59034,0.00362,0.7111,0.54812,0.51784,0.1967,1.90858,2.69902,0.00801,0.0012828,0.0012828,0.0012828
21,167.117,1.88669,2.23719,0.00434,0.57622,0.33333,0.41292,0.18701,1.9596,2.92033,0.00844,0.00133132,0.00133132,0.00133132
22,173.647,1.92024,2.27702,0.00417,0.57622,0.33333,0.41292,0.18701,1.9596,2.92033,0.00844,0.00137825,0.00137825,0.00137825
23,180.379,1.77848,2.41301,0.00329,0.82311,0.52147,0.64035,0.24067,2.32913,1.94428,0.01112,0.0014236,0.0014236,0.0014236
24,187.612,1.764,1.73096,0.00334,0.82311,0.52147,0.64035,0.24067,2.32913,1.94428,0.01112,0.00146737,0.00146737,0.00146737
25,195.158,1.61371,1.8729,0.00315,0.29269,0.66667,0.31632,0.10231,2.50433,2.84399,0.01197,0.00150955,0.00150955,0.00150955
26,201.499,1.65679,1.45365,0.00282,0.29269,0.66667,0.31632,0.10231,2.50433,2.84399,0.01197,0.001505,0.001505,0.001505
27,208.206,1.5694,1.53098,0.0034,0.32654,0.33333,0.28134,0.17097,2.20267,4.83144,0.00935,0.0014852,0.0014852,0.0014852
28,214.378,1.79126,2.02915,0.0038,0.32654,0.33333,0.28134,0.17097,2.20267,4.83144,0.00935,0.0014654,0.0014654,0.0014654
29,221.187,1.98082,2.42979,0.0044,0.33901,0.44444,0.28433,0.17948,1.7225,2.66655,0.00701,0.0014456,0.0014456,0.0014456
30,227.38,1.85156,1.17563,0.00366,0.33901,0.44444,0.28433,0.17948,1.7225,2.66655,0.00701,0.0014258,0.0014258,0.0014258
31,233.934,1.87319,1.48988,0.00421,0.69048,0.77778,0.67494,0.2563,2.47714,2.63407,0.01053,0.001406,0.001406,0.001406
32,242.878,2.09003,1.52748,0.00399,0.69048,0.77778,0.67494,0.2563,2.47714,2.63407,0.01053,0.0013862,0.0013862,0.0013862
33,253.261,1.83456,1.22041,0.0038,0.69447,0.66667,0.73392,0.22716,2.49723,2.82923,0.01057,0.0013664,0.0013664,0.0013664
34,259.744,1.53268,1.22636,0.00307,0.69447,0.66667,0.73392,0.22716,2.49723,2.82923,0.01057,0.0013466,0.0013466,0.0013466
35,271.729,1.71452,1.37116,0.00311,0.6135,0.88889,0.66767,0.206,2.30192,3.06266,0.00945,0.0013268,0.0013268,0.0013268
36,280.646,1.72371,1.19507,0.00341,0.6135,0.88889,0.66767,0.206,2.30192,3.06266,0.00945,0.001307,0.001307,0.001307
37,288.126,1.63515,1.23792,0.00361,0.66364,0.66667,0.53513,0.20347,2.12011,2.75908,0.0092,0.0012872,0.0012872,0.0012872
38,294.789,1.61391,1.34685,0.00312,0.66364,0.66667,0.53513,0.20347,2.12011,2.75908,0.0092,0.0012674,0.0012674,0.0012674
39,301.642,1.60554,1.04976,0.00307,0.65966,0.64797,0.66035,0.22431,2.13655,1.90098,0.00979,0.0012476,0.0012476,0.0012476
40,308.33,1.56789,0.96917,0.00288,0.65966,0.64797,0.66035,0.22431,2.13655,1.90098,0.00979,0.0012278,0.0012278,0.0012278
41,314.786,1.5361,1.05216,0.00317,0.59469,0.55556,0.47449,0.25505,2.17227,1.39248,0.01004,0.001208,0.001208,0.001208
42,322.227,1.85057,1.60562,0.00376,0.59469,0.55556,0.47449,0.25505,2.17227,1.39248,0.01004,0.0011882,0.0011882,0.0011882
43,328.5,1.65749,1.45781,0.0032,0.74561,0.66667,0.72167,0.40695,2.12761,0.95575,0.00978,0.0011684,0.0011684,0.0011684
44,335.985,1.78409,1.21634,0.00288,0.74561,0.66667,0.72167,0.40695,2.12761,0.95575,0.00978,0.0011486,0.0011486,0.0011486
45,343.166,1.60638,1.12219,0.00316,0.74994,0.66648,0.7064,0.32943,2.36456,1.19869,0.011,0.0011288,0.0011288,0.0011288
46,350.88,1.55949,0.98657,0.00268,0.74994,0.66648,0.7064,0.32943,2.36456,1.19869,0.011,0.001109,0.001109,0.001109
47,361.857,1.31787,0.57144,0.00234,0.58275,0.77778,0.6381,0.18356,2.03983,2.58457,0.00876,0.0010892,0.0010892,0.0010892
48,368.282,1.49111,1.1547,0.00278,0.58275,0.77778,0.6381,0.18356,2.03983,2.58457,0.00876,0.0010694,0.0010694,0.0010694
49,375.033,1.54021,1.06097,0.00305,0.56805,0.73296,0.60178,0.13653,2.42447,2.24307,0.0107,0.0010496,0.0010496,0.0010496
50,381.566,1.58636,1.03078,0.00289,0.56805,0.73296,0.60178,0.13653,2.42447,2.24307,0.0107,0.0010298,0.0010298,0.0010298
51,388.315,1.42663,0.87255,0.0026,0.68356,0.55556,0.67045,0.16838,2.41661,2.0159,0.01026,0.00101,0.00101,0.00101
52,394.745,1.48625,0.72108,0.00248,0.68356,0.55556,0.67045,0.16838,2.41661,2.0159,0.01026,0.0009902,0.0009902,0.0009902
53,404.777,1.51677,0.69287,0.00284,0.90667,0.66667,0.82894,0.25087,2.44006,1.77151,0.01035,0.0009704,0.0009704,0.0009704
54,415.009,1.3902,0.6753,0.00271,0.90667,0.66667,0.82894,0.25087,2.44006,1.77151,0.01035,0.0009506,0.0009506,0.0009506
55,421.779,1.23693,0.75915,0.00246,1,0.86709,0.885,0.25617,2.47879,1.19528,0.01023,0.0009308,0.0009308,0.0009308
56,431.632,1.51544,0.98826,0.00262,1,0.86709,0.885,0.25617,2.47879,1.19528,0.01023,0.000911,0.000911,0.000911
57,438.124,1.31161,0.65451,0.00223,1,0.88054,0.885,0.26485,2.30374,1.28077,0.00965,0.0008912,0.0008912,0.0008912
58,444.939,1.18422,0.51586,0.00239,1,0.88054,0.885,0.26485,2.30374,1.28077,0.00965,0.0008714,0.0008714,0.0008714
59,451.674,1.11899,0.54104,0.00225,1,0.88297,0.885,0.334,2.15779,1.25165,0.00919,0.0008516,0.0008516,0.0008516
60,462.171,1.15894,0.58134,0.00204,1,0.88297,0.885,0.334,2.15779,1.25165,0.00919,0.0008318,0.0008318,0.0008318
61,472.493,1.30574,0.6371,0.00237,0.99204,0.77778,0.84269,0.36348,2.11352,1.22849,0.00944,0.000812,0.000812,0.000812
62,482.457,1.25391,0.68139,0.00234,0.99204,0.77778,0.84269,0.36348,2.11352,1.22849,0.00944,0.0007922,0.0007922,0.0007922
63,489.396,1.19262,0.54361,0.0022,0.987,0.77778,0.79646,0.37783,2.14,1.21906,0.00955,0.0007724,0.0007724,0.0007724
64,499.134,1.21394,0.50409,0.00237,0.987,0.77778,0.79646,0.37783,2.14,1.21906,0.00955,0.0007526,0.0007526,0.0007526
65,511.244,1.32971,0.48296,0.00274,0.97994,0.77778,0.775,0.39993,1.94116,1.27612,0.00843,0.0007328,0.0007328,0.0007328
66,521.458,1.07595,0.61511,0.00207,0.97994,0.77778,0.775,0.39993,1.94116,1.27612,0.00843,0.000713,0.000713,0.000713
67,528.361,1.13106,0.57418,0.00233,0.97609,0.77778,0.775,0.41941,1.85858,1.39883,0.00806,0.0006932,0.0006932,0.0006932
68,536.054,1.15209,0.58854,0.00219,0.97609,0.77778,0.775,0.41941,1.85858,1.39883,0.00806,0.0006734,0.0006734,0.0006734
69,543.553,1.05677,0.55105,0.00194,0.97035,0.66667,0.75056,0.42158,1.69831,1.48821,0.00733,0.0006536,0.0006536,0.0006536
70,553.987,1.11391,0.43144,0.00191,0.97035,0.66667,0.75056,0.42158,1.69831,1.48821,0.00733,0.0006338,0.0006338,0.0006338
71,565.125,0.98492,0.41549,0.00184,0.86035,0.77778,0.77885,0.43249,1.71051,1.34264,0.007,0.000614,0.000614,0.000614
72,572.458,0.89181,0.38231,0.00157,0.86035,0.77778,0.77885,0.43249,1.71051,1.34264,0.007,0.0005942,0.0005942,0.0005942
73,587.103,1.04099,0.4083,0.00191,0.81824,0.77778,0.77006,0.42779,1.83067,1.34909,0.00756,0.0005744,0.0005744,0.0005744
74,597.319,0.98852,0.41692,0.00178,0.81824,0.77778,0.77006,0.42779,1.83067,1.34909,0.00756,0.0005546,0.0005546,0.0005546
75,607.58,1.15909,0.41454,0.00265,0.87099,0.77778,0.7475,0.4135,1.82546,1.46879,0.00741,0.0005348,0.0005348,0.0005348
76,617.876,1.11409,0.52165,0.00216,0.87099,0.77778,0.7475,0.4135,1.82546,1.46879,0.00741,0.000515,0.000515,0.000515
77,628.291,0.99526,0.47494,0.00191,0.99539,0.77778,0.775,0.387,1.93002,1.40045,0.0082,0.0004952,0.0004952,0.0004952
78,639.757,1.09966,0.49144,0.00198,0.99539,0.77778,0.775,0.387,1.93002,1.40045,0.0082,0.0004754,0.0004754,0.0004754
79,648.422,1.08663,0.41453,0.00198,0.99474,0.77778,0.775,0.35181,2.00344,1.38055,0.00852,0.0004556,0.0004556,0.0004556
80,655.128,0.99756,0.39156,0.00194,0.99474,0.77778,0.775,0.35181,2.00344,1.38055,0.00852,0.0004358,0.0004358,0.0004358
81,662.524,1.07906,0.42813,0.00195,0.96222,0.77778,0.775,0.38177,1.96106,1.33121,0.00829,0.000416,0.000416,0.000416
82,669.047,1.11583,0.44559,0.002,0.96222,0.77778,0.775,0.38177,1.96106,1.33121,0.00829,0.0003962,0.0003962,0.0003962
83,675.358,1.07202,0.41155,0.00186,0.86317,0.77778,0.78172,0.39924,1.88796,1.3066,0.00793,0.0003764,0.0003764,0.0003764
84,681.846,0.9521,0.41605,0.00167,0.86317,0.77778,0.78172,0.39924,1.88796,1.3066,0.00793,0.0003566,0.0003566,0.0003566
85,688.301,0.87238,0.33659,0.00162,0.97167,0.77778,0.79646,0.39881,1.77646,1.35816,0.00732,0.0003368,0.0003368,0.0003368
86,694.663,1.2287,0.68984,0.00261,0.97167,0.77778,0.79646,0.39881,1.77646,1.35816,0.00732,0.000317,0.000317,0.000317
87,707.753,0.98724,0.38496,0.00159,0.97858,0.77778,0.79816,0.3971,1.7594,1.3078,0.00732,0.0002972,0.0002972,0.0002972
88,714.586,1.00174,0.35927,0.00177,0.97858,0.77778,0.79816,0.3971,1.7594,1.3078,0.00732,0.0002774,0.0002774,0.0002774
89,721.116,0.81672,0.29811,0.00145,0.98225,0.77778,0.8025,0.39129,1.81727,1.24398,0.00764,0.0002576,0.0002576,0.0002576
90,730.255,0.94611,0.36107,0.00156,0.98225,0.77778,0.8025,0.39129,1.81727,1.24398,0.00764,0.0002378,0.0002378,0.0002378
91,741.041,0.90556,0.63429,0.00168,0.98075,0.77778,0.80339,0.38299,1.92651,1.1983,0.00805,0.000218,0.000218,0.000218
92,747.435,0.74438,0.29244,0.00131,0.98075,0.77778,0.80339,0.38299,1.92651,1.1983,0.00805,0.0001982,0.0001982,0.0001982
93,754.041,1.20767,0.57344,0.00271,0.97588,0.77778,0.855,0.39051,2.00943,1.06062,0.00854,0.0001784,0.0001784,0.0001784
94,760.405,0.90636,0.42233,0.00193,0.97588,0.77778,0.855,0.39051,2.00943,1.06062,0.00854,0.0001586,0.0001586,0.0001586
95,766.921,0.91486,0.46542,0.00209,0.97212,0.77778,0.84269,0.37743,2.05771,1.07667,0.00883,0.0001388,0.0001388,0.0001388
96,779.431,1.04152,0.36701,0.00174,0.97212,0.77778,0.84269,0.37743,2.05771,1.07667,0.00883,0.000119,0.000119,0.000119
97,789.548,1.13277,0.39607,0.00221,0.96417,0.77778,0.84833,0.37753,2.07084,1.07175,0.00897,9.92e-05,9.92e-05,9.92e-05
98,796.024,0.96093,0.38875,0.00167,0.96417,0.77778,0.84833,0.37753,2.07084,1.07175,0.00897,7.94e-05,7.94e-05,7.94e-05
99,802.364,1.09425,0.43393,0.00201,0.96629,0.77778,0.84833,0.38218,2.06979,1.0762,0.00904,5.96e-05,5.96e-05,5.96e-05
100,808.89,0.98542,0.35285,0.00181,0.96629,0.77778,0.84833,0.38218,2.06979,1.0762,0.00904,3.98e-05,3.98e-05,3.98e-05
